AAS,A,R,N,D,C,Q,E,G,H,I,L,K,M,F,P,S,T,W,Y,V,B,Z,X,-
A,1,-0.223606798,-0.40824829,-0.40824829,0,-0.223606798,-0.223606798,0,-0.353553391,-0.25,-0.25,-0.223606798,-0.223606798,-0.40824829,-0.188982237,0.25,0,-0.452267017,-0.377964473,0,-0.5,-0.25,0,0
R,-0.223606798,1,0,-0.365148372,-0.447213595,0.2,0,-0.365148372,0,-0.670820393,-0.447213595,0.4,-0.2,-0.547722558,-0.338061702,-0.223606798,-0.2,-0.404519917,-0.338061702,-0.670820393,-0.223606798,0,0,0
N,-0.40824829,0,1,0.166666667,-0.40824829,0,0,0,0.144337567,-0.612372436,-0.612372436,0,-0.365148372,-0.5,-0.3086067,0.204124145,0,-0.492365964,-0.3086067,-0.612372436,0.612372436,0,0,0
D,-0.40824829,-0.365148372,0.166666667,1,-0.40824829,0,0.365148372,-0.166666667,-0.144337567,-0.612372436,-0.816496581,-0.182574186,-0.547722558,-0.5,-0.15430335,0,-0.182574186,-0.492365964,-0.46291005,-0.612372436,0.816496581,0.204124145,0,0
C,0,-0.447213595,-0.40824829,-0.40824829,1,-0.447213595,-0.596284794,-0.40824829,-0.353553391,-0.166666667,-0.166666667,-0.447213595,-0.149071198,-0.272165527,-0.377964473,-0.166666667,-0.149071198,-0.201007563,-0.251976315,-0.166666667,-0.5,-0.5,0,0
Q,-0.223606798,0.2,0,0,-0.447213595,1,0.4,-0.365148372,0,-0.670820393,-0.447213595,0.2,0,-0.547722558,-0.169030851,0,-0.2,-0.269679945,-0.169030851,-0.447213595,0,0.670820393,0,0
E,-0.223606798,0,0,0.365148372,-0.596284794,0.4,1,-0.365148372,0,-0.670820393,-0.670820393,0.2,-0.4,-0.547722558,-0.169030851,0,-0.2,-0.404519917,-0.338061702,-0.447213595,0.223606798,0.894427191,0,0
G,0,-0.365148372,0,-0.166666667,-0.40824829,-0.365148372,-0.365148372,1,-0.288675135,-0.816496581,-0.816496581,-0.365148372,-0.547722558,-0.5,-0.3086067,0,-0.365148372,-0.246182982,-0.46291005,-0.612372436,-0.204124145,-0.40824829,0,0
H,-0.353553391,0,0.144337567,-0.144337567,-0.353553391,0,0,-0.288675135,1,-0.530330086,-0.530330086,-0.158113883,-0.316227766,-0.144337567,-0.267261242,-0.176776695,-0.316227766,-0.213200716,0.267261242,-0.530330086,0,0,0,0
I,-0.25,-0.670820393,-0.612372436,-0.612372436,-0.166666667,-0.670820393,-0.670820393,-0.816496581,-0.530330086,1,0.5,-0.670820393,0.223606798,0,-0.56694671,-0.5,-0.223606798,-0.452267017,-0.188982237,0.75,-0.75,-0.75,0,0
L,-0.25,-0.447213595,-0.612372436,-0.816496581,-0.166666667,-0.447213595,-0.670820393,-0.816496581,-0.530330086,0.5,1,-0.447213595,0.447213595,0,-0.56694671,-0.5,-0.223606798,-0.301511345,-0.188982237,0.25,-1,-0.75,0,0
K,-0.223606798,0.4,0,-0.182574186,-0.447213595,0.2,0.2,-0.365148372,-0.158113883,-0.670820393,-0.447213595,1,-0.2,-0.547722558,-0.169030851,0,-0.2,-0.404519917,-0.338061702,-0.447213595,0,0.223606798,0,0
M,-0.223606798,-0.2,-0.365148372,-0.547722558,-0.149071198,0,-0.4,-0.547722558,-0.316227766,0.223606798,0.447213595,-0.2,1,0,-0.338061702,-0.223606798,-0.2,-0.134839972,-0.169030851,0.223606798,-0.670820393,-0.223606798,0,0
F,-0.40824829,-0.547722558,-0.5,-0.5,-0.272165527,-0.547722558,-0.547722558,-0.5,-0.144337567,0,0,-0.547722558,0,1,-0.6172134,-0.40824829,-0.365148372,0.123091491,0.46291005,-0.204124145,-0.612372436,-0.612372436,0,0
P,-0.188982237,-0.338061702,-0.3086067,-0.15430335,-0.377964473,-0.169030851,-0.169030851,-0.3086067,-0.267261242,-0.56694671,-0.56694671,-0.169030851,-0.338061702,-0.6172134,1,-0.188982237,-0.169030851,-0.455842306,-0.428571429,-0.377964473,-0.377964473,-0.188982237,0,0
S,0.25,-0.223606798,0.204124145,0,-0.166666667,0,0,0,-0.176776695,-0.5,-0.5,0,-0.223606798,-0.40824829,-0.188982237,1,0.223606798,-0.452267017,-0.377964473,-0.5,0,0,0,0
T,0,-0.2,0,-0.182574186,-0.149071198,-0.2,-0.2,-0.365148372,-0.316227766,-0.223606798,-0.223606798,-0.2,-0.2,-0.365148372,-0.169030851,0.223606798,1,-0.269679945,-0.338061702,0,-0.223606798,-0.223606798,0,0
W,-0.452267017,-0.404519917,-0.492365964,-0.492365964,-0.201007563,-0.269679945,-0.404519917,-0.246182982,-0.213200716,-0.452267017,-0.301511345,-0.404519917,-0.134839972,0.123091491,-0.455842306,-0.452267017,-0.269679945,1,0.227921153,-0.452267017,-0.603022689,-0.452267017,0,0
Y,-0.377964473,-0.338061702,-0.3086067,-0.46291005,-0.251976315,-0.169030851,-0.338061702,-0.46291005,0.267261242,-0.188982237,-0.188982237,-0.338061702,-0.169030851,0.46291005,-0.428571429,-0.377964473,-0.338061702,0.227921153,1,-0.188982237,-0.56694671,-0.377964473,0,0
V,0,-0.670820393,-0.612372436,-0.612372436,-0.166666667,-0.447213595,-0.447213595,-0.612372436,-0.530330086,0.75,0.25,-0.447213595,0.223606798,-0.204124145,-0.377964473,-0.5,0,-0.452267017,-0.188982237,1,-0.75,-0.5,0,0
B,-0.5,-0.223606798,0.612372436,0.816496581,-0.5,0,0.223606798,-0.204124145,0,-0.75,-1,0,-0.670820393,-0.612372436,-0.377964473,0,-0.223606798,-0.603022689,-0.56694671,-0.75,1,0.25,0,0
Z,-0.25,0,0,0.204124145,-0.5,0.670820393,0.894427191,-0.40824829,0,-0.75,-0.75,0.223606798,-0.223606798,-0.612372436,-0.188982237,0,-0.223606798,-0.452267017,-0.377964473,-0.5,0.25,1,0,0
X,0,0,0,0,0,0,0,0,0,0,0,0,0,0,0,0,0,0,0,0,0,0,0,0
-,0,0,0,0,0,0,0,0,0,0,0,0,0,0,0,0,0,0,0,0,0,0,0,0
